{
    "price_history": {
        "Seller_0": [
            83.1358558596539,
            83.1358558596539,
            83.1358558596539,
            83.1358558596539,
            83.1358558596539,
            83.1358558596539,
            83.1358558596539,
            83.1358558596539,
            83.1358558596539,
            77.32139742175721,
            77.45404917120044,
            77.30124022081253,
            76.29332268602025,
            76.81253318498781,
            76.79919790889724,
            76.8118799282239,
            76.81671279886064,
            76.81758791921334,
            76.81780496269202,
            76.81784031910395
        ],
        "Seller_1": [
            80.36410815124603,
            80.33856598226822,
            80.33856598226822,
            80.33856598226822,
            80.33856598226822,
            80.33856598226822,
            80.33856598226822,
            80.33856598226822,
            80.33856598226822,
            75.92275248306437,
            76.57989608451742,
            76.75246123413405,
            76.79870706913394,
            76.77921393189726,
            76.78933338875353,
            76.80398515244929,
            76.81388615231148,
            76.8174640235585,
            76.81775744043986,
            76.81784655664498
        ],
        "Seller_2": [
            80.71342374112483,
            80.06528204214413,
            80.06528204214413,
            80.06528204214413,
            80.06528204214413,
            80.06528204214413,
            80.06528204214413,
            80.06528204214413,
            80.06528204214413,
            75.78611051300233,
            76.49449485322864,
            76.68773895154095,
            76.36169595422888,
            76.73937219225066,
            76.7796717492833,
            76.81285588114997,
            76.81623261838183,
            76.81775000750525,
            76.81784962576319,
            76.81785733877301
        ],
        "Seller_3": [
            75.12644049728208,
            75.12644049728208,
            75.12644049728208,
            75.12644049728208,
            75.12644049728208,
            75.12644049728208,
            75.12644049728208,
            75.12644049728208,
            75.12644049728208,
            75.12644049728208,
            75.12644049728208,
            75.12644049728208,
            75.81569774011007,
            76.75634553606359,
            76.79162071316827,
            76.8180190961083,
            76.81820922884144,
            76.81778196554376,
            76.81785696672796,
            76.81785548638302
        ],
        "Seller_4": [
            68.92846809717759,
            68.92846809717759,
            68.92846809717759,
            68.92846809717759,
            68.92846809717759,
            68.92846809717759,
            68.92846809717759,
            68.92846809717759,
            68.92846809717759,
            76.1330863111695,
            76.8181905554169,
            76.85984630856505,
            76.54906249034252,
            76.70576085461909,
            76.7897070251258,
            76.81222001377108,
            76.8165989937051,
            76.81784047631805,
            76.81785661846561,
            76.81785525780712
        ]
    },
    "buyer_price_history": {
        "Buyer_0": [
            83.1358558596539,
            83.1358558596539,
            83.1358558596539,
            83.1358558596539,
            83.1358558596539,
            83.1358558596539,
            83.1358558596539,
            83.1358558596539,
            83.1358558596539,
            83.1358558596539,
            78.0482047264943,
            77.6191695287043,
            77.38072254778547,
            76.57341999022049,
            84.96842733076686,
            76.81768727313117,
            76.81676774503777,
            76.81782844448868,
            76.817744363183,
            76.81785892896747
        ],
        "Buyer_1": [
            80.2619394753348,
            80.35133706675713,
            80.33856598226822,
            80.33856598226822,
            80.33856598226822,
            80.33856598226822,
            80.33856598226822,
            80.33856598226822,
            80.33856598226822,
            80.33856598226822,
            76.47472917046485,
            76.63331399868432,
            76.73756782970283,
            76.78573256433069,
            76.77786436908534,
            76.8020419198509,
            76.80840275479987,
            76.8164151212141,
            76.81772052786496,
            76.81781100137513
        ],
        "Buyer_2": [
            80.71342374112483,
            80.06528204214413,
            80.06528204214413,
            80.06528204214413,
            80.06528204214413,
            80.06528204214413,
            80.06528204214413,
            80.06528204214413,
            80.06528204214413,
            75.78611051300233,
            76.62007984210138,
            76.65018700076479,
            76.73024850553419,
            76.50067572608361,
            76.76850261595617,
            76.8030426534207,
            76.81693778781136,
            76.81758835424928,
            76.8178265238916,
            76.817860590388
        ],
        "Buyer_3": [
            75.12644049728208,
            75.12644049728208,
            75.12644049728208,
            75.12644049728208,
            75.12644049728208,
            75.12644049728208,
            75.12644049728208,
            75.12644049728208,
            75.12644049728208,
            75.12644049728208,
            75.12644049728208,
            75.12644049728208,
            75.12644049728208,
            77.0405498770468,
            76.78554799350593,
            76.81152595432383,
            76.81983732897996,
            76.81740152527135,
            76.81782912379626,
            76.81785244070717
        ],
        "Buyer_4": [
            66.88255011727651,
            68.92846809717759,
            68.92846809717759,
            68.92846809717759,
            68.92846809717759,
            68.92846809717759,
            68.92846809717759,
            68.92846809717759,
            68.92846809717759,
            75.12644049728208,
            75.12644049728208,
            75.12644049728208,
            75.88425154217992,
            76.59435899414044,
            76.74760948242255,
            76.80123101909255,
            76.81457890079122,
            76.81731698369299,
            76.81786823217176,
            76.8178586044268
        ],
        "Buyer_5": [
            83.1358558596539,
            83.1358558596539,
            83.1358558596539,
            83.1358558596539,
            83.1358558596539,
            83.1358558596539,
            83.1358558596539,
            83.1358558596539,
            83.1358558596539,
            77.32139742175721,
            77.45404917120044,
            77.30124022081253,
            75.95280534424978,
            76.6076066243248,
            76.75122246555115,
            76.80602989439195,
            76.81693778781136,
            76.8180349736809,
            76.81797703217143,
            76.81786456231039
        ],
        "Buyer_6": [
            80.31302381329041,
            80.33856598226822,
            80.33856598226822,
            80.33856598226822,
            80.33856598226822,
            80.33856598226822,
            80.33856598226822,
            80.33856598226822,
            80.33856598226822,
            75.92275248306437,
            76.79356774118497,
            76.77917019121749,
            76.77275805952743,
            76.6673975273366,
            76.75122246555115,
            76.80602989439195,
            76.81693778781136,
            76.81758835424928,
            76.81786351983834,
            76.81785555947769
        ],