{
    "price_history": {
        "Seller_0": [
            64.77346364217266,
            64.77346364217266,
            64.77346364217266,
            64.77346364217266,
            64.77346364217266,
            64.77346364217266,
            64.77346364217266,
            64.77346364217266,
            64.77346364217266,
            64.77346364217266,
            60.74532432774977,
            64.91443829825269,
            65.17551520599092,
            65.24078443292548,
            65.25710173965912,
            65.26118106634253,
            66.95654652172868,
            69.76223485260361,
            70.79917171435818,
            77.73048768786899
        ],
        "Seller_1": [
            85.46292594270192,
            85.46292594270192,
            85.46292594270192,
            85.46292594270192,
            85.46292594270192,
            85.46292594270192,
            85.46292594270192,
            85.46292594270192,
            85.46292594270192,
            85.46292594270192,
            65.05541295433271,
            65.57756676980918,
            65.7081052236783,
            65.74073983714558,
            65.7488984905124,
            65.75093815385411,
            66.03027182924909,
            68.53193695126583,
            69.41709035639597,
            85.09092334671946
        ],
        "Seller_2": [
            58.37861877975808,
            58.37861877975808,
            58.37861877975808,
            58.37861877975808,
            58.37861877975808,
            58.37861877975808,
            58.37861877975808,
            58.37861877975808,
            58.37861877975808,
            58.37861877975808,
            71.15275861905442,
            71.41383552679267,
            71.47910475372723,
            71.49542206046087,
            71.49950138714428,
            71.50052121881512,
            73.26470026137918,
            76.62597145390956,
            77.25878038644247,
            83.4546085211141
        ],
        "Seller_3": [
            94.7208582253073,
            94.7208582253073,
            94.7208582253073,
            94.7208582253073,
            94.7208582253073,
            94.7208582253073,
            94.7208582253073,
            94.7208582253073,
            94.7208582253073,
            94.7208582253073,
            94.7208582253073,
            94.7208582253073,
            94.7208582253073,
            94.7208582253073,
            94.7208582253073,
            94.7208582253073,
            83.47174029682006,
            85.1178226218216,
            85.56680212946813,
            90.8630662057551
        ],
        "Seller_4": [
            92.6760747882136,
            92.6760747882136,
            92.6760747882136,
            92.6760747882136,
            92.6760747882136,
            92.6760747882136,
            92.6760747882136,
            92.6760747882136,
            92.6760747882136,
            92.6760747882136,
            78.86574387127315,
            79.12682077901138,
            79.19209000594594,
            79.20840731267958,
            79.212486639363,
            79.21350647103385,
            83.71354042562407,
            84.75047728737866,
            85.08401051557283,
            89.93099788157842
        ]
    },
    "buyer_price_history": {
        "Buyer_0": [
            64.77346364217266,
            64.77346364217266,
            64.77346364217266,
            64.77346364217266,
            64.77346364217266,
            64.77346364217266,
            64.77346364217266,
            64.77346364217266,
            64.77346364217266,
            64.77346364217266,
            64.77346364217266,
            64.77346364217266,
            64.77346364217266,
            64.77346364217266,
            64.77346364217266,
            64.77346364217266,
            64.77346364217266,
            64.77346364217266,
            64.77346364217266,
            64.77346364217266
        ],
        "Buyer_1": [
            95.57722432279243,
            95.57722432279243,
            95.57722432279243,
            95.57722432279243,
            95.57722432279243,
            95.57722432279243,
            95.57722432279243,
            95.57722432279243,
            95.57722432279243,
            95.57722432279243,
            95.57722432279243,
            95.57722432279243,
            95.57722432279243,
            95.57722432279243,
            95.57722432279243,
            95.57722432279243,
            95.57722432279243,
            95.57722432279243,
            95.57722432279243,
            95.57722432279243
        ],
        "Buyer_2": [
            52.75991865142941,
            52.75991865142941,
            52.75991865142941,
            52.75991865142941,
            52.75991865142941,
            52.75991865142941,
            52.75991865142941,
            52.75991865142941,
            52.75991865142941,
            52.75991865142941,
            52.75991865142941,
            52.75991865142941,
            52.75991865142941,
            52.75991865142941,
            52.75991865142941,
            52.75991865142941,
            52.75991865142941,
            52.75991865142941,
            52.75991865142941,
            52.75991865142941
        ],
        "Buyer_3": [
            88.06471681093635,
            88.06471681093635,
            88.06471681093635,
            88.06471681093635,
            88.06471681093635,
            88.06471681093635,
            88.06471681093635,
            88.06471681093635,
            88.06471681093635,
            88.06471681093635,
            88.06471681093635,
            88.06471681093635,
            88.06471681093635,
            88.06471681093635,
            88.06471681093635,
            88.06471681093635,
            88.06471681093635,
            88.06471681093635,
            88.06471681093635,
            88.06471681093635
        ],
        "Buyer_4": [
            92.79469271107891,
            92.79469271107891,
            92.79469271107891,
            92.79469271107891,
            92.79469271107891,
            92.79469271107891,
            92.79469271107891,
            92.79469271107891,
            92.79469271107891,
            92.79469271107891,
            92.79469271107891,
            92.79469271107891,
            92.79469271107891,
            92.79469271107891,
            92.79469271107891,
            92.79469271107891,
            92.79469271107891,
            92.79469271107891,
            92.79469271107891,
            92.79469271107891
        ],
        "Buyer_5": [
            59.51081994342494,
            59.51081994342494,
            59.51081994342494,
            59.51081994342494,
            59.51081994342494,
            59.51081994342494,
            59.51081994342494,
            59.51081994342494,
            59.51081994342494,
            59.51081994342494,
            59.51081994342494,
            59.51081994342494,
            59.51081994342494,
            59.51081994342494,
            59.51081994342494,
            59.51081994342494,
            59.51081994342494,
            59.51081994342494,
            59.51081994342494,
            59.51081994342494
        ],
        "Buyer_6": [
            75.55532786248719,
            75.55532786248719,
            75.55532786248719,
            75.55532786248719,
            75.55532786248719,
            75.55532786248719,
            75.55532786248719,
            75.55532786248719,
            75.55532786248719,
            75.55532786248719,
            75.55532786248719,
            75.55532786248719,
            75.55532786248719,
            75.55532786248719,
            75.55532786248719,
            75.55532786248719,
            75.55532786248719,
            75.55532786248719,
            75.55532786248719,
            75.55532786248719
        ],